"subject","session","ID","age","male","Rfooted","Rhanded","education","bilingual","languages","centre","date","AoA.English","nativeEnglish","mother.LH","father.LH","siblings","siblings.LH","Nhandknown","NLHrelative","famsin","EHI.LI","Reyed","lexTALE","lexExclude","lexCode","gramerrs","gramerr12","DLsame.corr","excludeDL","DL.L","DL.R","DL.even.L","DL.odd.L","DL.even.R","DL.odd.R","DL.LI","DL.odd.LI","DL.even.LI","DL.odd.n","DL.odd.zlat","DL.even.n","DL.even.zlat","DL.n","DL.zlat","RDT.pcorr","RDT.Lmean","RDT.Lsd","RDT.LN","RDT.Rmean","RDT.Rsd","RDT.RN","RDT.LI","RDT.se","RDT.zlat","excludeRDT","RDT.odd.pcorr","RDT.odd.Lmean","RDT.odd.Lsd","RDT.odd.LN","RDT.odd.Rmean","RDT.odd.Rsd","RDT.odd.RN","RDT.odd.LI","RDT.odd.se","RDT.odd.zlat","RDT.even.pcorr","RDT.even.Lmean","RDT.even.Lsd","RDT.even.LN","RDT.even.Rmean","RDT.even.Rsd","RDT.even.RN","RDT.even.LI","RDT.even.se","RDT.even.zlat","WC_pCorr","excludeWC","WC.pcorr","WC.Lmean","WC.Lsd","WC.LN","WC.Rmean","WC.Rsd","WC.RN","WC.LI","WC.se","WC.zlat","WC.odd.pcorr","WC.odd.Lmean","WC.odd.Lsd","WC.odd.LN","WC.odd.Rmean","WC.odd.Rsd","WC.odd.RN","WC.odd.LI","WC.odd.se","WC.odd.zlat","WC.even.pcorr","WC.even.Lmean","WC.even.Lsd","WC.even.LN","WC.even.Rmean","WC.even.Rsd","WC.even.RN","WC.even.LI","WC.even.se","WC.even.zlat","colourScales.L","colourScales.R","colourScales_zlat","Emot_corr_same","Emot_corr_diff","exCF","CF.L","CF.R","CF.LI","CF.zlat"
13151603,1,3151603,23,0,1,1,3,"No",NA,"BANG","25/02/2021 11:22:50",NA,1,"No","No","1","0",3,0,0,100,1,95,0,"Advanced",4,0,1,0,35,41,20,15,18,23,7.9,21.1,-5.3,38,1.32752357439697,38,-0.324893144826966,76,0.690402094626609,0.939698492462312,861.373152173853,337.3334258637,92,922.10015789238,318.275357133435,95,-3.4,48.0687071355142,-1.26333761270772,0,0.95,837.746702127179,279.147049001012,47,856.978124994688,238.608094653393,48,-1.1,53.483031273153,-0.35957989683286,0.929292929292929,886.049666667047,390.720206623465,45,988.607765958109,374.014063152507,47,-5.5,80.1510990629984,-1.27955948814192,0.935185185185185,0,0.935185185185185,936.804414896463,127.270211767814,94,985.353802085835,102.576216931314,96,-2.5,16.7878739153694,-2.89193184521864,0.935185185185185,934.327812504004,141.819028051045,48,986.160000005232,87.2077597947748,48,-2.7,24.1003296617435,-2.1506837553142,0.935185185185185,939.388695653812,111.603582661342,46,984.547604166438,116.880748700602,48,-2.3,23.7234223764336,-1.903557918249,30,10,-3.65148371670111,0.875,0.695652173913043,0,11,5,-37.5,-1.61807966991178
13182261,1,3182261,23,0,1,1,5,"No",NA,"LINC","28/02/2021 18:35:15",NA,1,"No","No","1","0",3,0,0,88.2352941176471,0,88.75,0,"Advanced",3,0,0.83,0,43,21,21,22,9,12,-34.4,-29.4,-40,34,-1.79435140641318,30,-2.39045721866879,64,-2.92845663281478,0.872549019607843,865.109302325601,212.011634879358,86,836.29782608696,255.042405428306,92,1.7,35.4024404580227,0.813827404718145,0,0.882352941176471,894.395833333335,211.111597954243,48,886.26428571428,257.71970671641,42,0.5,49.7779046812301,0.163356566957329,0.862745098039216,828.115789473726,210.06980246126,38,794.32600000001,247.563843598235,50,2.1,50.2960416726978,0.671818066590668,0.907407407407407,0,0.907407407407407,761.497849462378,148.486077504656,93,775.196703296722,165.543960895625,91,-0.9,23.2428290104266,-0.589379796590104,0.87962962962963,771.389130434778,152.829049344917,46,764.509756097572,175.620434182468,41,0.4,35.4495516058,0.194060969055553,0.935185185185185,751.817021276624,145.098840853492,47,783.960000000024,158.06278654319,50,-2.1,31.0411450717762,-1.03549590870686,18,22,0.635641726163729,0.875,0.625,0,5,10,33.3333333333333,1.36930639376292
13228854,1,3228854,19,0,1,0,3,"No",NA,"LINC","03/03/2021 19:50:41",NA,1,"No","No","1","0",3,0,0,-25,1,96.25,0,"Advanced",6,0,0.94,0,33,39,17,16,19,20,8.3,11.1,5.6,36,0.670820393249937,36,0.333848930444794,72,0.709574875186899,0.940298507462687,775.209725276659,183.063361593585,91,731.298418375853,174.841415018335,98,2.9,26.1025308553683,1.68226242673992,0,0.97029702970297,812.56662791075,202.556046965249,43,725.856000011448,167.224297229163,55,5.6,37.5191366250745,2.31110403114533,0.91,741.744166666952,158.390580157017,48,738.259651167535,185.900415967152,43,0.2,36.3355552315876,0.0958982318340412,0.958333333333333,0,0.958333333333333,689.955969407622,97.6112520013085,98,661.413415842275,97.8228868402347,101,2.1,13.8909671626642,2.05475639176973,0.962962962962963,684.919777807469,94.3842739492048,45,670.954568961892,99.5947867166542,58,1,19.4407665619266,0.718346614630252,0.953703703703704,694.231981143602,100.969545954382,53,648.543953494884,95.0112838584134,43,3.4,20.2857779066465,2.25221965156922,24,16,-1.29099444873581,1,1,0,11,9,-10,-0.449466574975495
13233999,1,3233999,19,0,0,0,3,"No",NA,"LINC","04/03/2021 12:43:33",NA,1,"No","No","3","0",5,0,0,-89.4736842105263,0,100,0,"Advanced",0,0,1,0,45,28,21,24,16,12,-23.3,-33.3,-13.5,36,-2.12132034355964,37,-0.82960475385514,73,-2.04595031670192,0.985074626865672,1141.48927836669,365.722011662457,97,1206.40856437938,426.885368509928,101,-2.8,56.7613061910519,-1.14372431448599,0,0.98019801980198,1155.72343752137,385.603674635099,48,1187.69990199008,446.795442340197,51,-1.4,84.6064064662502,-0.377943772868586,0.99,1127.54561225599,348.585155249142,49,1225.49140001647,409.223878966955,50,-4.2,76.9273944972063,-1.2732237767918,0.962962962962963,0,0.962962962962963,1004.83878949461,165.003505789253,95,1040.73909998871,150.495767614301,100,-1.8,22.6510081460608,-1.58493212587303,0.972222222222222,1005.77450002544,143.780178173732,50,1055.32919997349,154.270181063075,50,-2.4,29.985906079898,-1.65259971854835,0.953703703703704,1003.79911112703,187.459213077768,45,1026.14900000393,146.718971942052,50,-1.1,34.5055442299335,-0.647718776089328,32,8,-4.74341649025257,1,0.631578947368421,0,8,4,-33.3333333333333,-1.22474487139159
13254084,1,3254084,24,0,1,1,5,"No",NA,"LINC","06/03/2021 13:35:50",NA,1,"Yes","Yes","2","0",4,2,0.5,80,1,88.75,0,"Advanced",3,0,0.89,0,35,40,19,16,20,20,6.7,11.1,2.6,36,0.670820393249937,39,0.160180818879296,75,0.578637562357845,0.95959595959596,890.869615415295,235.858727946532,91,852.660959680574,217.332437467206,99,2.2,32.9578484445284,1.15931887359184,0,0.97,925.983979613805,252.425359846614,49,866.296666674316,209.543706952996,48,3.3,47.3572962028787,1.26036150129409,0.948979591836735,849.902857183701,210.530346426929,42,839.827353098229,225.736349105745,51,0.6,45.9016013979045,0.219502234750611,0.930555555555556,0,0.930555555555556,943.427731983901,127.531058437986,97,958.861847894023,166.43497382561,92,-0.8,21.5745372237875,-0.715385722995015,0.944444444444444,940.923191606998,120.611503859342,47,947.438333416358,157.794486346214,48,-0.3,29.0543786653149,-0.224239584828476,0.916666666666667,945.78199993819,134.893779271465,50,971.32386368784,176.358503047737,44,-1.3,32.3984812958774,-0.788366081619399,32,8,-4.74341649025257,1,0.894736842105263,0,11,6,-29.4117647058824,-1.26879804730638
13285414,1,3285414,41,0,0,0,7,"No",NA,"LINC","09/03/2021 20:03:43",NA,1,"No","No","0","0",2,0,0,-66.6666666666667,1,100,0,"Advanced",1,0,1,0,33,45,18,15,20,25,15.4,25,5.3,40,1.63299316185545,38,0.324893144826965,78,1.37510330190466,0.979274611398964,904.847252747629,205.614901904191,91,895.792295917814,246.816826105175,98,0.5,33.2839266631935,0.272051940308704,0,0.979591836734694,942.134239132271,219.404361879779,46,859.255099998845,242.879245308333,50,4.6,47.6608682131205,1.73893473284671,0.978947368421053,866.73166666555,185.216150339338,45,933.851875000073,247.639709825883,48,-3.7,45.901012999873,-1.46228163493274,0.939814814814815,0,0.939814814814815,815.723244681492,105.18646316419,94,843.554081633148,114.416821303775,98,-1.7,15.9250995237255,-1.74760835310274,0.944444444444444,838.623367347671,112.161023370736,49,824.844130435414,114.527241268335,46,0.8,23.3901785263579,0.58910353748389,0.935185185185185,790.787555556098,91.8804113163992,45,860.105192308066,112.829696559966,52,-4.2,21.2352824870238,-3.26426723046071,18,22,0.635641726163729,1,0.954545454545455,0,13,8,-23.8095238095238,-1.12339629284115
13308424,1,3308424,35,1,1,1,3,"No",NA,"UCL","11/03/2021 16:13:35",NA,1,"No","No","1","0",3,0,0,87.5,NA,95,0,"Advanced",0,0,0.89,0,25,44,8,17,26,18,27.5,2.9,52.9,35,0.16909988539863,34,3.63873393028188,69,2.37931426331966,0.791044776119403,1177.5875,403.984449310626,80,1127.40506329114,413.637290605142,79,2.2,65.0536156328653,0.77140119301084,0,0.772277227722772,1082.64705882353,406.088949977856,34,1118.93181818182,384.235598615132,44,-1.6,90.4983138615951,-0.400944037629048,0.81,1247.76086956522,392.091723100184,46,1138.05714285714,453.416828280631,35,4.6,94.805989533764,1.15713919814111,0.796296296296296,0,0.796296296296296,876.632183908046,134.82366735011,87,840.075949367089,137.376870011481,79,2.1,21.2083134268141,1.7236747592922,0.805555555555556,882.452830188679,136.530437017614,53,838.40625,150.882748618406,32,2.6,32.0185631387402,1.37565761454754,0.787037037037037,867.558823529412,133.638406559136,34,841.212765957447,129.057105016449,47,1.5,29.6718871036736,0.887913110477665,11,29,3.1869640430843,0.875,0.818181818181818,0,9,9,0,0
13342984,1,3342984,25,0,1,1,6,"No",NA,"UCL","15/03/2021 13:23:04",NA,1,"No","No","0","0",2,0,0,100,1,96.25,0,"Advanced",5,0,1,0,33,48,17,16,23,25,18.5,22,15,41,1.44070295342239,40,0.959539531510801,81,1.69600131324992,0.923469387755102,773.325000002626,155.281678216673,84,744.353711353039,152.976352656686,97,1.9,23.023286395609,1.25834722948641,0,0.939393939393939,790.862738099393,146.616755369614,42,737.872254906916,167.907577355019,51,3.5,33.2644064295344,1.59300853014555,0.907216494845361,755.787261905858,163.359375279374,42,751.53967393461,136.006849404728,46,0.3,32.0961360139271,0.132339542971954,0.912037037037037,0,0.912037037037037,665.193647058571,71.3252308101349,85,655.608437501845,83.9894745985787,96,0.7,11.6992526753937,0.819301012011319,0.888888888888889,666.566875012359,69.7327421595273,40,642.643333339947,85.0608545296336,48,1.8,16.9162657866067,1.41423302129437,0.935185185185185,663.972999988538,73.4763723785264,45,668.573541663742,81.7304347701837,48,-0.3,16.2510306887928,-0.283092301239536,9,31,4.16505345114514,1,0.80952380952381,0,7,10,17.6470588235294,0.739208070456872
13359167,1,3359167,35,1,1,1,6,"Yes","Japanese","Ox","16/03/2021 20:28:18","1",0,"Don't know","Don't know","0","0",0,NA,NA,-38.4615384615385,1,90,0,"Advanced",1,0,1,0,31,27,19,12,14,13,-6.9,4,-15.2,25,0.200160192256359,33,-0.880554336682083,58,-0.526479255253865,0.897849462365591,878.354430379747,235.97093682272,79,841.340909090909,228.7312274246,88,2.2,36.0915014948504,1.02554672861474,0,0.870967741935484,867.410256410256,248.552093231847,39,814.761904761905,216.053720682319,42,3.1,51.9295685871685,1.01384149879806,0.924731182795699,889.025,225.685450208686,40,865.608695652174,239.492748974983,46,1.3,50.7281213304366,0.461604012403599,0.949074074074074,0,0.949074074074074,673.772277227723,96.0970219297267,101,734.163043478261,108.309109656536,92,-4.3,14.7575975963228,-4.09218139039011,0.972222222222222,669.563636363636,90.9844845618,55,735.976744186047,110.107196333325,43,-4.7,20.444425442659,-3.24847024968644,0.925925925925926,678.804347826087,102.664852703719,46,732.571428571429,107.824316985239,49,-3.8,21.7515263128493,-2.47187622477691,37,3,-10.2051038281903,0.875,0.869565217391304,0,11,9,-10,-0.449466574975495
13370826,1,3370826,44,0,0,0,5,"No",NA,"Ox","17/03/2021 14:18:38",NA,1,"No","No","2","2",4,2,0.5,-71.4285714285714,0,95,0,"Advanced",7,2,0.94,0,34,39,16,18,22,17,6.8,-2.9,15.8,35,-0.169099885398631,38,0.985693111009157,73,0.586583275987456,0.810344827586207,1163.97264705858,403.076848524187,68,1084.07815068534,467.590548551242,73,3.6,74.0676929908736,1.07866862254073,0,0.802325581395349,1172.69249999877,370.582617139709,34,1196.58542857131,485.671363590415,35,-1,105.198261598893,-0.227122846037551,0.818181818181818,1155.25279411839,438.608136720757,34,980.453026316689,430.940612776236,38,8.2,103.306140454481,1.69205593232593,0.861111111111111,0,0.861111111111111,896.463720931172,162.581326573664,86,898.29296703421,157.978380998353,91,-0.1,24.1637910938858,-0.0757019499105092,0.87037037037037,887.25130952454,156.599933208111,42,871.537765958644,158.869113984504,47,0.9,33.7018708326252,0.466251373519732,0.851851851851852,905.257386364776,169.427656386727,44,926.872386364928,153.679675327354,44,-1.2,34.6647634194573,-0.623543848795437,30,10,-3.65148371670111,0.625,0.875,1,12,9,-14.2857142857143,-0.661437827766148
13427087,1,3427087,21,0,1,1,3,"No",NA,"LANC","23/03/2021 14:09:38",NA,1,"No","Yes","1","0",3,1,0.33,64.7058823529412,0,87.5,0,"Advanced",3,0,1,0,45,33,23,22,14,19,-15.4,-7.3,-24.3,41,-0.469780565694565,37,-1.52540596368221,78,-1.37510330190466,0.879396984924623,778.023222222045,178.644162042191,90,876.756294125088,191.260377296533,85,-6,28.0486273827589,-3.52006786484438,0,0.9,759.531249993333,175.909997422772,44,848.317173929662,194.623602497908,46,-5.5,39.4054827541776,-2.25313630821886,0.858585858585859,795.711195658204,181.370020473469,46,910.299871791488,184.044713261279,39,-6.7,39.9888913852429,-2.86551270024882,0.949074074074074,0,0.949074074074074,901.274077677919,163.749036184257,103,923.950257733915,121.980420785933,97,-1.2,20.5530863782983,-1.10329804675662,0.925925925925926,926.86046296472,172.739098553226,54,915.750465114861,102.958871450175,43,0.6,29.9307918056563,0.37118957366705,0.972222222222222,873.076836749608,149.946868258181,49,930.479722226866,135.840485097254,54,-3.2,28.2841375052985,-2.0295080755602,23,17,-0.959539531510802,1,0.826086956521739,0,7,12,26.3157894736842,1.18898716401418
13428087,1,3428087,22,0,1,1,5,"No",NA,"LANC","23/03/2021 15:16:52",NA,1,"Yes","No","0","0",2,1,0.5,100,0,96.25,0,"Advanced",2,0,0.89,0,36,35,20,16,17,18,-1.4,5.9,-8.1,34,0.343592135468138,37,-0.49482617268741,71,-0.118689938862995,0.813725490196078,726.668012820541,140.525132741569,78,690.015738636423,153.605339693929,88,2.6,23.030625236542,1.59145806106747,0,0.831683168316832,740.011590909178,150.368027518312,44,687.433375000044,167.713726871856,40,3.7,34.9392694817129,1.50484588513373,0.796116504854369,709.399852941129,126.768344147819,34,692.167708333405,142.564157218295,48,1.2,30.7538283962271,0.560325185720228,0.875,0,0.875,688.50284210526,93.4924094702155,95,693.704222222194,106.681031695128,90,-0.4,14.7734859256236,-0.35207534248318,0.87962962962963,699.589596774125,96.8922261482233,62,677.650624999811,95.192824561362,32,1.6,21.0773476024053,1.04087915558265,0.87037037037037,667.673181818302,84.2290589036374,33,702.561379310406,112.326752713885,58,-2.5,22.632117283447,-1.54153484869138,29,11,-3.1869640430843,1,0.541666666666667,0,8,5,-23.0769230769231,-0.855131568824353
13439824,1,3439824,20,0,1,0,3,"No",NA,"LINC","24/03/2021 14:58:39",NA,1,"No","No","2","1",4,1,0.25,-33.3333333333333,1,96.25,0,"Advanced",5,0,0.89,0,37,30,18,19,14,16,-10.4,-8.6,-12.5,35,-0.508965669403722,32,-0.712696645099798,67,-0.859892094634213,0.714285714285714,883.565652173802,211.320218146843,69,815.235789473885,215.577137156662,76,4,35.6386613706165,1.91729599463164,1,0.712871287128713,879.685517241561,206.729879001384,29,819.275697674362,210.708533760387,43,3.6,50.6136879327661,1.19354708250949,0.715686274509804,886.378749999676,217.162824620206,40,809.971666667204,224.942824327973,33,4.5,52.2801981547692,1.46149184642106,0.861111111111111,0,0.861111111111111,767.028478260725,86.029956323532,92,732.81033333341,120.608643194863,90,2.3,15.5600551723028,2.19910177363793,0.861111111111111,769.929047619021,71.9323027883247,42,742.309897959117,111.700326173192,49,1.8,20.2273479404699,1.36543602953726,0.861111111111111,764.591999999756,96.9652025161433,50,721.457195122199,130.961147143527,41,2.9,24.0938095463402,1.79028579082088,30,10,-3.65148371670111,0.875,0.875,0,13,8,-23.8095238095238,-1.12339629284115
13440843,1,3440843,22,0,1,1,5,"No",NA,"LINC","24/03/2021 16:00:03",NA,1,"No","No","2","1",4,1,0.25,78.9473684210526,0,90,0,"Advanced",3,0,0.78,0,30,30,13,17,16,14,0,-9.7,10.3,31,-0.54135683877712,29,0.560090995354258,60,0,0.848484848484849,808.953734175184,163.002238334045,79,783.058258423613,190.392678580931,89,1.6,27.6168390614346,0.937669792475728,0,0.848484848484849,825.698461535817,159.920120341344,39,788.133666664362,192.700763826814,45,2.3,39.2762131970308,0.956426086267771,0.848484848484849,792.627624998567,166.334023487687,40,777.867499995574,190.08702437453,44,0.9,39.4130445781637,0.374498472801835,0.87962962962963,0,0.87962962962963,712.257295918214,112.401382493271,98,731.733953486857,94.2937452209247,86,-1.3,15.4509321125629,-1.26054903527842,0.888888888888889,711.373365381195,113.439278832744,52,733.386750001227,88.8314078059069,40,-1.5,21.8554168903722,-1.0072278525023,0.87037037037037,713.25652174267,112.460001685973,46,730.296739126535,99.7560752920754,46,-1.2,22.2728465857569,-0.765066886186107,22,18,-0.635641726163728,1,0.608695652173913,0,8,6,-14.2857142857143,-0.540061724867322
13445616,1,3445616,22,1,1,1,3,"Yes","Romanian, English","LINC","25/03/2021 00:23:51","",0,"No","No","0","0",2,0,0,68.4210526315789,1,92.5,0,"Advanced",1,0,0.83,0,24,41,9,15,21,20,26.2,14.3,40,35,0.853912563829966,30,2.39045721866879,65,2.18463081288759,0.943877551020408,1232.39433333309,562.222458895343,90,1260.41263157906,560.970158102416,95,-1.1,82.8313801369687,-0.338257049437625,0,0.938775510204082,1178.26359999992,520.799122362605,50,1279.63476190503,524.406483276201,42,-4.1,109.962017618429,-0.921874335344358,0.948979591836735,1300.05774999955,610.010075639679,40,1245.17999999999,592.869842796537,53,2.2,126.397812036773,0.434166929911622,0.930555555555556,0,0.930555555555556,837.882421052735,136.188680208683,95,851.656329787071,145.127781366317,94,-0.8,20.5280449510743,-0.670980055195875,0.916666666666667,852.152499999884,128.104171841166,46,832.31351063799,122.003803771061,47,1.2,26.0725359065592,0.760915218718804,0.944444444444444,824.486020408474,143.382504384417,49,870.999148936151,164.111341474201,47,-2.7,31.6060720999761,-1.47165166176129,30,10,-3.65148371670111,0.75,0.826086956521739,0,12,7,-26.3157894736842,-1.18898716401418
13448684,1,3448684,39,0,1,0,5,"Yes","Welsh and English","BANG","25/03/2021 11:41:15","0",1,"No","No","1","0",3,0,0,-33.3333333333333,0,97.5,0,"Advanced",2,0,1,0,19,56,7,12,30,26,49.3,36.8,62.2,38,2.44293854158239,37,4.8271306669895,75,4.91169675749572,0.823529411764706,843.10977272722,203.007394132233,88,818.866437499901,214.821893723375,80,1.5,32.3444670313204,0.749535776979823,0,0.861386138613861,846.611000000079,214.440077823319,45,832.811071428513,200.017575732307,42,0.8,44.7849608809855,0.308137560022407,0.786407766990291,839.445697674228,192.78628572522,43,803.453947368277,231.811040155715,38,2.2,47.5481550778614,0.756953666173029,0.907407407407407,0,0.907407407407407,746.170677083304,100.694549916675,96,769.530388888942,111.116195072725,90,-1.5,15.5791122243214,-1.49942509363081,0.898148148148148,741.196923076936,89.7583356505004,52,778.00755813955,127.996367570228,43,-2.4,22.5731040202077,-1.63072987346626,0.916666666666667,752.04874999992,113.049805046418,44,761.774680851151,93.8152507672919,47,-0.6,21.8228480752098,-0.445676513794692,33,7,-5.40962746074711,1,0.91304347826087,0,16,5,-52.3809523809524,-2.81791146063889
13488047,1,3488047,35,1,1,1,5,"No",NA,"LANC","29/03/2021 18:15:13",NA,1,"No","Don't know","0","0",2,0,0,62.5,1,87.5,0,"Advanced",3,0,0.83,0,18,38,12,6,18,20,35.7,53.8,20,26,3.25832267687942,30,1.11803398874989,56,2.86131691759651,0.732984293193717,1228.67130767554,409.556483493618,65,1144.85253331251,382.888348507193,75,3.5,67.2467049385399,1.24643689887306,1,0.705263157894737,1256.13413790466,471.767740451212,29,1179.52105262635,415.925068224318,38,3.1,109.443366610413,0.700024932082206,0.760416666666667,1206.5484722132,357.124680032537,36,1109.24702699019,347.823123054699,37,4.2,83.0714806814033,1.17129783199815,0.893518518518518,0,0.893518518518518,1034.242142872,255.211194345411,91,1024.05366279066,270.982906275505,86,0.5,39.6706407124058,0.256826708578015,0.935185185185185,1029.12896227548,249.624441538045,53,999.478690492521,232.669927566165,42,1.5,50.3023394987721,0.589441208468777,0.851851851851852,1041.37368423031,266.021067966937,38,1047.51159089342,303.949709416807,44,-0.3,64.0089570786225,-0.0958913711962734,27,13,-2.36305852319522,0.75,0.521739130434783,0,4,8,33.3333333333333,1.22474487139159
13495898,1,3495898,29,0,1,1,5,"Yes","English & Afrikaans ","Ox","03/04/2021 15:04:01","0",1,"No","No","2","0",4,0,0,70,1,90,0,"Advanced",1,0,0.94,0,34,35,18,16,18,17,1.4,3,0,33,0.174157636504809,36,0,69,0.120398497994484,0.873096446700508,947.935574714111,269.498761402477,87,897.9986470583,255.424867717824,85,2.7,40.1660319495813,1.24326265832019,0,0.887755102040816,939.767926830582,285.142819351819,41,866.071847822953,261.996465710362,46,4.1,58.9795452904888,1.24951928070416,0.858585858585859,955.215434784212,257.712761165295,46,935.655897438454,245.444088332549,39,1,55.2021428099537,0.35432569009315,0.944444444444444,0,0.944444444444444,915.993645835139,137.307088082131,96,963.043989361626,157.783231785205,94,-2.5,21.5099050106997,-2.18738034887099,0.953703703703704,899.744204551098,138.654932539223,44,973.68221153738,162.074804726027,52,-3.9,31.2843065169266,-2.3634216390981,0.935185185185185,929.743173075482,135.973307134344,52,949.872857144025,153.212317887879,42,-1.1,30.0393936820265,-0.670109532889371,31,9,-4.16505345114514,1,0.9,0,15,3,-66.6666666666667,-3.79473319220206
13495903,1,3495903,28,0,1,1,5,"No",NA,"Ox","05/04/2021 12:19:04",NA,1,"Don't know","No","1","0",2,0,0,100,0,98.75,0,"Advanced",3,0,1,0,25,42,11,14,22,20,25.4,17.6,33.3,34,1.04539807865575,33,2.03100960115899,67,2.1471465006464,0.968085106382979,898.203722221984,253.750752527064,90,909.261467395244,251.415686263271,92,-0.6,37.5490902849387,-0.294487698352998,0,0.957446808510638,887.373068182073,247.649962148382,44,898.914891306523,237.332477544229,46,-0.6,51.3987344555296,-0.22455461689308,0.978723404255319,908.563478260159,261.761156058708,46,919.608043483965,266.980882930698,46,-0.6,55.4392867731036,-0.19921910736348,0.921296296296296,0,0.921296296296296,816.194175257703,127.388491758521,97,868.643489583216,141.063870977755,96,-3.1,19.3995257363126,-2.70363899810896,0.935185185185185,817.635666666966,130.101839068404,45,876.835480767813,154.944173114581,52,-3.5,29.4908874212831,-2.00739344514004,0.907407407407407,814.946730768917,126.253056894539,52,858.962045455965,123.740178457499,44,-2.6,25.7600722066801,-1.70866425893147,28,12,-2.76026223736942,0.875,0.727272727272727,0,7,9,12.5,0.50395263067897
13495925,1,3495925,29,0,1,0,7,"No",NA,"LINC","17/04/2021 09:00:04",NA,1,"No","No","1","0",3,0,0,-100,0,98.75,0,"Advanced",1,0,1,0,32,36,16,16,21,15,5.9,-3.2,13.5,31,-0.179698822107065,37,0.82960475385514,68,0.485912657903775,0.9,797.562500003043,216.946889126496,86,709.868510638889,200.159440938497,94,5.8,31.1694157519166,2.81346272455433,0,0.9,744.771136375758,172.115327025636,44,707.021521740978,214.216608341046,46,2.6,41.3556483982787,0.912804322912062,0.9,852.86773808877,245.729304863494,42,712.596874999387,187.945749445408,48,9,46.0009504665906,3.0493035832218,0.916666666666667,0,0.916666666666667,924.317142855796,170.403631442834,91,941.777091839218,176.09676822471,98,-0.9,25.3099330363368,-0.689845720190388,0.888888888888889,900.347613634287,161.725344863498,44,962.028899993748,194.398179672587,50,-3.3,37.4149184995073,-1.64857465506099,0.944444444444444,946.756702126995,176.915065615339,47,920.681458344916,153.980309534415,48,1.4,34.1647119757838,0.763221531051134,28,12,-2.76026223736942,0.571428571428571,0.952380952380952,1,11,9,-10,-0.449466574975495
13495972,1,3495972,25,1,1,1,5,"No",NA,"UCL","02/08/2021 08:52:28",NA,1,"No","No","1","0",3,0,0,100,1,91.25,0,"Advanced",0,0,0.94,0,29,45,17,12,20,25,21.6,35.1,8.1,37,2.28272497978476,37,0.49482617268741,74,1.90502461242535,0.925,884.391397849607,240.770519309534,93,870.09782608728,250.85664702706,92,0.8,36.2519271035016,0.394284467182038,0,0.909090909090909,845.846666666534,217.343463627894,45,862.739999999768,258.354741498735,45,-1,50.6627925775041,-0.333446548715025,0.940594059405941,920.527083333737,257.866311841277,48,877.142553192345,246.051422464811,47,2.4,51.9952524920447,0.834394066035729,0.972222222222222,0,0.972222222222222,847.447422680243,113.745238996586,97,854.042000000477,130.225202900873,100,-0.4,17.4923804971493,-0.376997134341325,0.990740740740741,860.671999999881,117.105610873593,50,851.158000000715,140.512978686336,50,0.6,26.0232810977067,0.365595712679136,0.953703703703704,833.378723404033,109.547134854609,47,856.926000000238,120.426032527118,50,-1.4,23.5564982093442,-0.999608532089226,33,7,-5.40962746074711,1,0.95,0,10,9,-5.26315789473684,-0.229734145868171
13495999,1,3495999,21,0,1,1,3,"No",NA,"LANC","01/04/2021 14:32:43",NA,1,"No","Don't know","0","N/A",1,0,0,100,1,100,0,"Advanced",1,0,0.94,0,29,41,13,16,25,16,17.1,0,31.6,32,0,38,2.05164099423627,70,1.45582557019467,0.974226804123711,930.935869572947,265.522384621872,92,866.751752570559,242.971235487851,97,3.6,37.0831885028906,1.73081440926756,0,0.989795918367347,883.004024397673,272.18072232968,41,879.434017847026,245.612424976675,56,0.2,53.1049247727458,0.0672255269341647,0.958333333333333,969.469313733462,256.221722079691,51,849.429634144166,241.254649783702,41,6.6,52.6432308351582,2.28024909727096,0.953703703703704,0,0.953703703703704,857.439149997663,143.832553335007,100,873.425909086375,141.060420684942,99,-0.9,20.2479343946844,-0.789550122846559,0.962962962962963,854.921176470359,126.451669326072,51,857.53269999288,135.182862110834,50,-0.2,26.1806101011734,-0.0997502927711948,0.944444444444444,860.059897954652,161.240723591225,49,889.64346938586,146.418711875717,49,-1.7,31.2604739284397,-0.946357099349462,26,14,-1.98898063239539,1,1,0,16,6,-45.4545454545455,-2.39356776939085
13496008,1,3496008,21,0,1,1,5,"No",NA,"LANC","06/04/2021 09:13:04",NA,1,"No","No","1","0",3,0,0,100,1,97.5,0,"Advanced",2,0,0.94,0,33,47,19,14,24,23,17.5,24.3,11.6,37,1.52540596368221,43,0.767700485272557,80,1.58978038619737,0.842639593908629,933.649166659008,276.551537568932,84,955.537073192096,297.326956369239,82,-1.2,44.6999147334989,-0.489663272594214,0,0.818181818181818,998.03597558426,292.616964589376,41,950.743750028778,298.539037035464,40,2.4,66.1067690391964,0.715391574007218,0.86734693877551,872.257093032605,248.369753101019,43,960.102142871446,299.714409466323,42,-4.8,60.0711314309869,-1.46235051257129,0.814814814814815,0,0.814814814814815,685.84027473692,116.216248827453,91,712.186139230204,104.518564493246,79,-1.9,17.1047788911702,-1.54026337673879,0.777777777777778,682.340760897521,123.393822538274,46,729.301891906338,103.741428063102,37,-3.3,25.5391467693499,-1.83879013002798,0.851851851851852,689.417555550527,109.673967630081,45,697.107976158371,104.093308316635,42,-0.6,23.088248487148,-0.33308809077159,7,33,5.40962746074711,1,0.695652173913043,0,12,4,-50,-2.3094010767585
13496012,1,3496012,20,1,0,0,3,"No",NA,"LANC","24/06/2021 08:41:44",NA,1,"Yes","No","0","0",2,1,0.5,-75,0,93.75,0,"Advanced",1,0,1,0,34,37,16,18,19,18,4.2,0,8.6,36,0,35,0.508965669403722,71,0.356352748549868,0.929292929292929,886.1597826087,117.88985831894,92,826.660869565231,152.542448753671,92,3.5,20.1685621823043,2.9500820388512,0,0.919191919191919,899.115555555559,123.912771657349,45,830.676086956569,160.990752232379,46,4,30.3744349863331,2.2531931418571,0.939393939393939,873.755319148941,111.739403365894,47,822.645652173892,145.273906361646,46,3,27.0257750631426,1.89114528096371,0.962962962962963,0,0.962962962962963,906.146078431381,84.2902783485367,102,897.953000000008,98.846260031546,100,0.5,12.9538954255891,0.63247989598469,0.972222222222222,920.156862745107,97.8361329057916,51,891.010000000028,85.2209690829432,50,1.6,18.3509436827895,1.58830320930113,0.953703703703704,892.135294117654,66.1772916445996,51,904.895999999987,111.263535218797,50,-0.7,18.3097391961577,-0.696935425765678,31,9,-4.16505345114514,0.75,0.708333333333333,0,6,11,29.4117647058824,1.26879804730638
13496016,1,3496016,21,0,1,1,5,"Yes","English, Bangla","LANC","07/04/2021 18:31:00","3",0,"No","No","4","4",6,4,0.67,100,NA,90,0,"Advanced",6,0,0.94,0,32,44,15,17,23,21,15.8,10.5,21.1,38,0.652510772419314,38,1.32752357439697,76,1.39398056592688,0.751219512195122,935.906708832901,240.172166091076,79,952.878666653608,211.981344022643,75,-0.9,36.6831580175919,-0.462663487493866,0,0.735294117647059,924.024871765421,232.402663484237,39,936.724722191381,186.643452637884,36,-0.7,49.189261436255,-0.258183393186709,0.766990291262136,947.491499973694,249.920810391559,40,967.790000003357,234.405893335736,39,-1.1,54.8762368126352,-0.369895991574066,0.888888888888889,0,0.888888888888889,842.539257434482,155.522553412466,101,902.867068975479,152.654318741559,87,-3.5,22.614791562115,-2.66762624697632,0.842592592592593,860.80399997998,172.778963544711,50,892.514750006376,139.945070789011,40,-1.8,33.8910752692555,-0.935666684354592,0.935185185185185,824.632647095759,135.861510197707,51,911.677553204503,163.677297826174,47,-5,30.4843339174429,-2.8553980003131,22,18,-0.635641726163728,1,0.761904761904762,0,9,7,-12.5,-0.50395263067897
13651536,1,3651536,25,0,0,0,6,"No",NA,"Ox","21/04/2021 18:37:17",NA,1,"No","No","1","0",3,0,0,-100,1,100,0,"Advanced",5,0,0.89,0,49,25,24,25,14,11,-32.4,-38.9,-26.3,36,-2.53269529445321,38,-1.68148177283637,74,-2.94936866298604,0.835051546391753,696.154415587798,115.055757395506,77,668.298411766505,118.360265946394,85,2,18.4350013493796,1.5110388816017,0,0.8125,687.295571431917,98.1092143235131,35,666.469883721939,116.942077314441,43,1.5,24.9836571530762,0.833572426261602,0.857142857142857,703.536785717699,128.193348847075,42,670.170476193085,121.184094228962,42,2.4,27.3762602994345,1.21880451017273,0.902777777777778,0,0.902777777777778,667.806105265443,77.997537588046,95,663.35313829737,79.9355730701225,94,0.3,11.5196473425475,0.386554104970357,0.87037037037037,666.183170736143,72.1583956969445,41,669.255980387485,85.5521364604264,51,-0.2,16.8612404279998,-0.182241019838605,0.935185185185185,669.038333333986,82.8042184640192,54,656.352093027699,73.0946321692558,43,1,16.1499373716164,0.785528761776064,27,13,-2.36305852319522,1,0.954545454545455,0,10,11,4.76190476190476,0.218465724376326
13660488,1,3660488,34,1,0,0,3,"No",NA,"LINC","23/04/2021 00:49:12",NA,1,"No","No","1","0",3,0,0,-87.5,0,97.5,0,"Advanced",7,0,1,0,34,51,15,19,27,24,20,11.6,28.6,43,0.767700485272557,42,1.93218356615859,85,1.8819316317727,0.903553299492386,872.654761904762,223.860783655777,84,855.797872340426,249.130253956208,94,1,35.7776362513547,0.471157162141981,0,0.918367346938776,881.317073170732,225.251019867213,41,828.612244897959,254.651298864949,49,3.1,51.4855451101547,1.02368204823333,0.888888888888889,864.395348837209,224.875747653262,43,885.4,242.328233450567,45,-1.2,50.2051779958116,-0.418376191486523,0.884259259259259,0,0.884259259259259,848.40625,170.267317884184,96,835.655172413793,186.143407305766,87,0.8,26.4257662627718,0.482524421786414,0.851851851851852,826.913043478261,162.490728089254,46,868.5,193.662797330224,44,-2.5,37.8712618042665,-1.09811383461889,0.916666666666667,868.18,176.426858291278,50,802.046511627907,173.96509686721,43,4,36.6546607033262,1.80423136111833,15,25,1.63299316185545,0.75,0.833333333333333,0,10,10,0,0
13666947,1,3666947,39,0,0,0,6,"No",NA,"Ox","23/04/2021 16:16:50",NA,1,"No","No","2","0",4,0,0,-68.4210526315789,1,100,0,"Advanced",0,0,0.94,0,25,38,12,13,18,20,20.6,21.2,20,33,1.24691928059024,30,1.11803398874989,63,1.67387039679396,0.973958333333333,998.44463541649,276.596021046507,96,990.088901100975,311.247849033262,91,0.4,43.1390913403951,0.193692867788604,0,0.968421052631579,985.816826923558,237.102378253796,52,1054.21075000268,343.648124434438,40,-3.4,61.0782184799374,-1.11977599840414,0.979381443298969,1013.36840908996,319.258699058623,44,939.797254903562,276.392714087672,51,3.8,61.3895201871428,1.19843181640965,0.976851851851852,0,0.976851851851852,917.908599998627,110.813764711931,100,968.651793477993,115.020019626622,92,-2.7,16.3468570461744,-3.10415594484208,0.990740740740741,926.672407406538,109.452309872677,54,955.666590907309,107.49451040895,44,-1.5,22.1638066159391,-1.30817706557321,0.962962962962963,907.62065217195,112.71826865078,46,980.554895834454,121.410692268179,48,-3.9,24.3307217203647,-2.99761940894084,16,24,1.29099444873581,0.875,0.791666666666667,0,15,4,-57.8947368421053,-3.09502288629126
13667016,1,3667016,22,0,1,0,3,"No",NA,"UCL","23/04/2021 16:19:17",NA,1,"No","No","1","0",3,0,0,-70,0,92.5,0,"Advanced",1,0,0.89,0,20,49,10,10,24,25,42,42.9,41.2,35,2.80624304008046,34,2.63470428448178,69,3.84750780720853,0.928205128205128,662.975329670304,119.962118763513,91,597.343000000011,108.812110871739,90,5.2,17.0725887382352,3.8443103548383,0,0.918367346938776,683.093999999963,110.543677713873,45,591.28844444444,105.515690263823,45,7.2,22.9039060468706,4.0082925317477,0.938144329896907,643.294021739117,126.620480134872,46,603.397555555582,112.874714328755,45,3.2,25.289644487412,1.57758114011424,0.921296296296296,0,0.921296296296296,665.354226804117,60.9660011653623,97,635.96543478262,70.3805029806453,92,2.3,9.59291476436318,3.06359357331866,0.87962962962963,655.645865384592,56.7221536303782,52,634.956250000042,75.1837695741063,40,1.6,13.8477717764716,1.49407541650149,0.962962962962963,676.572777777791,64.3438463501904,45,636.741730769219,67.1897136872623,52,3,13.487803174881,2.95311597390087,13,27,2.36305852319522,1,1,0,14,6,-40,-1.95180014589707
13668914,1,3668914,46,0,0,0,3,"No",NA,"Ox","23/04/2021 18:17:27",NA,1,"Yes","No","1","0",3,1,0.33,-100,0,100,0,"Advanced",3,0,1,0,29,51,19,10,19,32,27.5,52.4,0,42,3.9851286052021,38,0,80,2.55831249317031,0.887254901960784,971.465271738176,228.477684621067,92,940.514213482887,257.086794874858,89,1.6,36.2364815410595,0.854140825461167,0,0.922330097087379,997.456630433432,244.700632236167,46,943.490408163171,265.131879298683,49,2.8,52.746231543433,1.02312943865617,0.851485148514851,945.473913042921,210.486638532348,46,936.86837499954,250.18541893189,40,0.5,50.0244465070665,0.172026651852417,0.888888888888889,0,0.888888888888889,765.376318680765,109.276684524368,91,783.093351062834,133.147175796247,94,-1.1,17.9988167585286,-0.984344283280433,0.898148148148148,756.411699999007,115.740940950703,50,772.352555554567,143.13068441824,45,-1,26.7684034491256,-0.595510135143328,0.87962962962963,776.308780487786,101.168751115252,41,792.957346937773,123.942151479478,49,-1.1,24.3229657700926,-0.68447929448055,34,6,-6.19930419878067,0.583333333333333,0.625,1,7,8,6.66666666666667,0.258774584753383
13679944,1,3679944,47,1,0,0,5,"No",NA,"Ox","02/05/2021 09:44:05",NA,1,"No","No","1","1",3,1,0.33,-77.7777777777778,0,100,0,"Advanced",3,0,0.89,0,37,40,20,17,19,21,3.9,10.5,-2.6,38,0.652510772419314,39,-0.160180818879297,77,0.342141506997924,0.95,904.82962765778,166.31928834977,94,865.330937500099,172.304502949614,96,2.2,24.6437223663545,1.60278912294544,0,0.92,897.754999998439,175.40748651298,49,892.354534882754,184.631877432722,43,0.3,37.7843315307474,0.142928692844282,0.98,912.533111109062,157.436794845908,45,843.406132076436,160.037623887531,53,3.9,32.3699663201807,2.13552829647306,0.944444444444444,0,0.944444444444444,838.212373736726,134.828207430864,99,858.690714285405,111.523599154578,98,-1.2,17.6755753899985,-1.15856712422874,0.953703703703704,833.019019606724,138.022309340682,51,857.122916665806,109.047316943763,48,-1.4,25.2009828872026,-0.956466546045801,0.935185185185185,843.730312499853,132.581758210662,48,860.19580000022,114.937038226672,50,-1,25.1467457933633,-0.654776074632772,14,26,1.98898063239539,1,0.952380952380952,0,6,14,40,1.95180014589707
13679951,1,3679951,35,1,1,1,6,"No",NA,"Ox","22/05/2021 23:22:46",NA,1,"No","No","0","0",2,0,0,100,0,97.5,0,"Advanced",2,0,0.94,0,30,41,17,13,20,21,15.5,23.5,8.1,34,1.41162105137108,37,0.49482617268741,71,1.32141523049423,0.817307692307692,868.973625007493,179.060136730814,80,904.497500004557,196.291875963363,90,-2,29.0404934043591,-1.2232531487131,0,0.836538461538462,892.078720937418,188.280654380648,43,894.340909099397,198.403603168423,44,-0.1,41.7424703548811,-0.0541939215083938,0.798076923076923,842.121756764607,166.201306252254,37,914.212500000798,195.941180298044,46,-4.1,40.7671691603581,-1.76835293499583,0.833333333333333,0,0.833333333333333,936.778863635316,193.516164528086,88,964.031179771717,157.754201612598,89,-1.4,26.5852265443237,-1.02509249228944,0.814814814814815,941.877340432256,190.119447269133,47,966.738658551149,184.056574554528,41,-1.3,40.2548101911175,-0.617598691954048,0.851851851851852,930.934268282727,199.543801625008,41,961.718541647618,133.238865919116,48,-1.6,35.6490116890198,-0.863537918903183,21,19,-0.316623793430652,1,0.91304347826087,0,17,4,-61.9047619047619,-3.61217304647037
13679954,1,3679954,33,1,1,1,5,"No",NA,"Ox","24/05/2021 10:42:10",NA,1,"No","No","1","0",3,0,0,100,1,90,0,"Advanced",4,0,0.94,0,20,51,9,11,26,25,43.7,38.9,48.6,36,2.53269529445321,35,3.28734298965349,71,4.08941124292061,0.933673469387755,1077.48572222061,341.324821765787,90,1076.15037634718,362.005964758601,93,0.1,52.1983490004485,0.025582147692273,0,0.908163265306122,1082.49291665561,348.823741873662,48,1055.30512195489,343.734010927514,41,1.3,74.1002015649197,0.366905813028013,0.959183673469388,1071.76321429489,336.672724195942,42,1092.58605769495,378.294939893818,52,-1,75.2031981313496,-0.276887737722202,0.916666666666667,0,0.916666666666667,859.578297880944,103.159986304943,94,886.160312496941,112.166542732361,96,-1.5,15.6878706304035,-1.69443101885862,0.916666666666667,857.642444445648,100.053780689757,45,879.26343137024,101.406442682143,51,-1.2,20.7217293829083,-1.04339683841375,0.916666666666667,861.356122464378,106.937237195564,49,893.976777773868,123.93987244379,45,-1.9,23.9719843610618,-1.36078243745545,21,19,-0.316623793430652,1,0.619047619047619,0,6,7,7.69230769230769,0.278174320132093
13679956,1,3679956,26,0,0,0,6,"No",NA,"UCL","24/05/2021 20:38:51",NA,1,"Don't know","Don't know","1","0",0,NA,NA,-90,0,91.25,0,"Advanced",4,0,0.89,0,28,35,12,16,17,18,11.1,5.9,17.2,34,0.343592135468138,29,0.942592378579873,63,0.887411967464943,0.883838383838384,886.663176471141,178.902079406215,85,890.716388888702,175.256422782484,90,-0.2,26.8519833101555,-0.15094648208082,0,0.846938775510204,898.899624999831,176.674278798174,40,850.90360465002,161.777600925535,43,2.7,37.3588753427385,1.28472872669439,0.92,875.786333334529,182.149346966607,45,927.140851064518,180.812202482535,47,-2.8,38.0556364969667,-1.34945890956476,0.935185185185185,0,0.935185185185185,751.566597937874,105.241924203727,97,765.288052630402,135.298587014508,95,-0.9,17.5301405287865,-0.782735008313034,0.925925925925926,747.183260868832,110.168144610929,46,761.711346152599,136.606790249786,52,-1,25.4405537061669,-0.571060105513546,0.944444444444444,755.520196078578,101.53185718635,51,769.613372091932,135.183707355225,43,-0.9,24.6223934438603,-0.57237230188391,26,14,-1.98898063239539,0.875,0.782608695652174,0,8,10,11.1111111111111,0.474341649025257
13679968,1,3679968,22,1,0,0,5,"No",NA,"Ox","13/06/2021 10:49:05",NA,1,"No","No","1","0",3,0,0,-85.7142857142857,0,90,0,"Advanced",2,0,0.94,0,25,42,14,11,18,24,25.4,37.1,12.5,35,2.36671201407686,32,0.712696645099798,67,2.1471465006464,0.873684210526316,918.843902438697,325.258215786755,82,899.167857142786,324.000709192785,84,1.1,50.5476507218978,0.389257364386023,0,0.861702127659574,899.427499999479,288.116242554513,40,880.321951219585,313.9436243288,41,1.1,67.4567430208784,0.283226671260727,0.885416666666667,937.335714285572,359.618904532409,42,917.137209302118,336.019262503888,43,1.1,75.893344201314,0.266143298809925,0.916666666666667,0,0.916666666666667,739.087878788059,124.270089553892,99,759.08791208824,137.700266953892,91,-1.3,19.0615663806264,-1.04923346281278,0.907407407407407,748.571428571733,121.85979477753,49,743.434042553635,122.512484327395,47,0.3,25.0782833929106,0.204853974157957,0.925925925925926,729.79400000006,127.127028565947,50,775.809090909294,151.908414603727,44,-3.1,28.9713200178044,-1.58829804375347,30,10,-3.65148371670111,0.75,0.863636363636364,0,8,11,15.7894736842105,0.696990282963439
13679971,1,3679971,17,1,1,1,NA,"No",NA,"Ox","15/06/2021 18:17:25",NA,1,"No","No","I do not know, I am adopted","I do not know, I am adopted",NA,NA,NA,100,1,100,0,"Advanced",4,0,0.94,0,26,49,11,15,26,23,30.7,21.1,40.5,38,1.32752357439697,37,2.69760966451744,75,2.79025411985632,0.953367875647668,999.472941176155,273.731821483358,85,994.163636362989,289.62696008959,99,0.3,41.8794390226325,0.126775929598688,0,0.959183673469388,1009.62045454522,282.025500726831,44,1025.50799999923,327.7109782114,50,-0.8,63.8925197177483,-0.248660493030991,0.947368421052632,988.582926828868,267.605199784288,41,962.179591836218,244.055613521308,49,1.4,54.2587944133464,0.486618533974579,0.962962962962963,0,0.962962962962963,814.004166666573,119.654232481436,96,818.978217821531,134.040772605199,101,-0.3,18.1876607877611,-0.273484930965122,0.962962962962963,812.458333333333,127.783548424917,48,790.128571428054,120.701491290935,49,1.4,25.3588629570522,0.880550596574328,0.962962962962963,815.549999999814,112.273658833827,48,846.163461538462,141.294805183434,52,-1.8,25.8188767437848,-1.18570075075079,12,28,2.76026223736942,0.875,0.782608695652174,0,14,4,-55.5555555555556,-2.8347335475692
13679976,1,3679976,38,1,0,0,6,"Yes","Italian, English","Ox","18/06/2021 13:04:51","12",0,"No","No","1","0.5",3,0.5,0.17,-60,0,91.25,0,"Advanced",1,0,0.78,0,21,39,10,11,17,22,30,33.3,25.9,33,2.03100960115899,27,1.39484344472565,60,2.43599382882345,0.872549019607843,1104.30697673559,241.581809688053,86,1026.90000000985,287.903458329722,92,3.6,40.11093006955,1.92982253444448,0,0.852941176470588,1106.19749998748,249.920170321387,40,1014.90851064692,281.464390234273,47,4.3,57.9081897384209,1.57644350052948,0.892156862745098,1102.66304347308,236.856246460864,46,1039.42444445557,297.138091674093,45,3,56.6523896069166,1.11625651550251,0.925925925925926,0,0.925925925925926,962.386458331098,123.507540467845,96,941.837234040524,124.014909764465,94,1.1,18.0057011078197,1.14126210179338,0.935185185185185,959.536956517593,132.081912901373,46,948.759999995232,127.255120565223,50,0.6,26.6105364375027,0.404988322864949,0.916666666666667,965.007999999523,116.353625032396,50,933.970454546538,121.204540900653,44,1.6,24.6634330049031,1.25844384465108,33,7,-5.40962746074711,0.875,0.888888888888889,0,7,9,12.5,0.50395263067897
13679979,1,3679979,16,1,0,0,NA,"No",NA,"Ox","06/07/2021 10:29:54",NA,1,"No","No","1","0",3,0,0,-80,0,91.25,0,"Advanced",3,0,0.94,0,24,49,9,15,25,24,34.2,23.1,47.1,39,1.48113132435986,34,3.10984101058416,73,3.11435260959172,0.932642487046632,1502.55869565217,516.365174929098,92,1457.48863636363,603.264201557586,88,1.5,83.8501209226814,0.537507385709064,0,0.947916666666667,1553.19787234038,523.880244151961,47,1519.06363636366,604.622398438469,44,1.1,119.142017851036,0.286500401725578,0.917525773195876,1449.66888888893,508.841726518609,45,1395.9136363636,602.487572231551,44,1.9,118.903133872763,0.452092815172157,0.949074074074074,0,0.949074074074074,1035.33571428572,146.691798553609,98,1062.78351648352,172.902662574263,91,-1.3,23.3425402863286,-1.17587040061283,0.962962962962963,1034.57307692306,167.083422999818,52,1081.59767441862,181.475877300742,43,-2.2,36.0193607118731,-1.30553670487702,0.935185185185185,1036.19782608698,121.423785861541,46,1045.92916666667,164.931764044337,48,-0.5,30.1865868686397,-0.32237300036724,22,18,-0.635641726163728,1,1,0,11,13,8.33333333333333,0.409673245199351
13679985,1,3679985,25,1,1,1,6,"Yes","Hindi, English","Ox","02/07/2021 21:39:22","10",0,"No","Yes","2","0",4,1,0.25,100,NA,93.75,0,"Advanced",4,0,0.89,0,26,36,8,18,22,14,16.1,-12.5,46.7,32,-0.712696645099798,30,2.8900298834567,62,1.28684999358235,0.921875,1144.53033707875,375.816321312217,89,1110.14431818186,305.494686771273,88,1.5,51.6302381623341,0.666005428616657,0,0.958333333333333,1140.23636363644,424.220535061455,44,1064.47083333336,283.656996912026,48,3.4,74.93160952202,1.01112909206636,0.885416666666667,1148.72888888901,326.445026433002,45,1164.95250000006,324.925233993679,40,-0.7,71.2067504137261,-0.22783810547158,0.912037037037037,0,0.912037037037037,1034.0572916667,282.361766363948,96,986.799999999969,238.204322643056,90,2.3,38.5181664176264,1.2268832102325,0.898148148148148,1011.11136363646,233.685299431088,44,959.438297872313,200.785029488182,47,2.6,45.8020840639531,1.12818154064766,0.925925925925926,1053.47307692305,318.797599515769,52,1016.70697674415,272.635079142,43,1.8,61.8715810239744,0.594232433864172,9,31,4.16505345114514,0.75,0.736842105263158,0,14,0,-100,NA
13741088,1,3741088,26,1,1,1,5,"No",NA,"Ox","04/05/2021 15:04:51",NA,1,"No","No","1","0",3,0,0,100,1,98.75,0,"Advanced",3,0,1,0,23,51,10,13,27,24,37.8,29.7,45.9,37,1.89402738723329,37,3.14657368035867,74,3.51637261753312,0.931034482758621,756.786565657357,179.440658024618,99,763.89455556378,186.885359634676,90,-0.5,26.7301786550442,-0.265916288781755,0,0.941176470588235,749.705760871344,183.457735696852,46,766.103100006003,180.390960762493,50,-1.1,37.3493541535145,-0.439026042251286,0.920792079207921,762.932169811255,177.408463602369,53,761.133875011001,196.988446572996,40,0.1,39.2073431973109,0.0458662753863415,0.935185185185185,0,0.935185185185185,690.523080818233,92.4636594299132,99,720.285416669261,79.7291297430901,96,-2.1,12.4075133689078,-2.39873494116957,0.925925925925926,683.513900013641,87.7988489088703,50,712.833617026224,72.2053225299407,47,-2.1,16.449453938353,-1.78241278540089,0.944444444444444,697.675306129041,97.3789340748768,49,727.433061224826,86.4762149838623,49,-2.1,18.6900535887961,-1.592170667377,27,13,-2.36305852319522,0.875,0.956521739130435,0,14,8,-27.2727272727273,-1.32960789064188
13742182,1,3742182,43,1,0,0,4,"No",NA,"LINC","04/05/2021 15:57:29",NA,1,"No","No","2","0",4,0,0,-89.4736842105263,0,90,0,"Advanced",0,0,0.94,0,44,27,21,23,16,11,-23.9,-35.3,-13.5,34,-2.19953282858693,37,-0.82960475385514,71,-2.07797290176542,0.709183673469388,863.258076946323,242.233880521167,65,856.034527051364,276.925526233827,74,0.4,44.6001062061147,0.161962616447062,1,0.696969696969697,917.39441177753,238.796801806836,34,856.884571444243,267.848564098321,35,3.4,61.6572050259876,0.98139123088344,0.721649484536082,803.88274197016,235.557599014284,31,855.271666698779,288.32093496863,39,-3.1,64.6359291698713,-0.795051999539799,0.893518518518518,0,0.893518518518518,762.110000000457,136.510719226384,92,795.333351625211,132.794683705109,91,-2.1,19.9647443592464,-1.66410102863991,0.898148148148148,757.338500005426,147.786961915482,40,796.665098011384,132.818607685146,51,-2.5,29.6287273881696,-1.3273131002468,0.888888888888889,765.780384612019,128.520341086818,52,793.635374982841,134.436489485494,40,-1.8,27.7359026748688,-1.00429362971704,22,18,-0.635641726163728,0.75,0.958333333333333,0,10,13,13.0434782608696,0.63093337451503
13766826,1,3766826,33,1,1,1,3,"No",NA,"LINC","06/05/2021 15:14:31",NA,1,"No","No","3","3",5,3,0.6,100,0,95,0,"Advanced",3,0,1,0,21,50,9,12,27,23,40.8,31.4,50,35,1.95858385693278,36,3.46410161513775,71,3.77053109812196,0.917098445595855,845.406741573897,266.62441029769,89,863.689261363271,211.576190689599,88,-1.1,36.2849359915362,-0.50385977788798,0,0.938144329896907,895.349487181729,303.170540927269,39,871.156346154189,222.866743677774,52,1.4,55.345501688161,0.437129311138137,0.895833333333333,806.451399999787,229.905553519403,50,852.903472220836,196.706736895957,36,-2.8,47.5965156765065,-0.975955310190427,0.907407407407407,0,0.907407407407407,740.936111111983,95.8607443023299,90,769.976683673437,110.306282514072,98,-1.9,15.1779858131999,-1.91333507086284,0.888888888888889,731.847916670328,96.2803403385298,48,770.252045454981,91.3923938026948,44,-2.6,19.7168330781963,-1.94778383690443,0.925925925925926,751.322619045303,95.4661381968925,42,769.752314814401,124.46706155863,54,-1.2,23.3445314330019,-0.789465225377967,39,1,-19.2420479745897,0.875,0.909090909090909,0,15,5,-50,-2.58198889747161
13767425,1,3767425,37,1,1,1,NA,"No",NA,"Ox","06/05/2021 15:56:31",NA,1,"Yes","No","2","1",4,2,0.5,100,0,98.75,0,"Advanced",0,0,1,0,22,45,13,9,16,29,34.3,52.6,10.3,38,3.81567647648226,29,0.560090995354258,67,2.99169726497394,0.824120603015075,898.681363636286,215.501836237637,77,873.896781608547,192.211464755405,87,1.4,31.9234882991563,0.776374492520433,0,0.838383838383838,876.966351352953,215.234841970305,37,833.555760868994,185.03780682558,46,2.5,44.1847306953751,0.982479462944935,0.81,918.767749998369,216.510569836271,40,919.157439023654,192.203459413019,41,0,45.7155421063027,-0.00852421315224869,0.930555555555556,0,0.930555555555556,736.478684210421,115.978049121021,95,783.603655914801,107.520707252847,93,-3.1,16.3600093389186,-2.88049784863356,0.944444444444444,752.926304346424,119.330326874121,46,774.019411765324,99.9128809042105,51,-1.4,22.3712370662171,-0.942867278929024,0.916666666666667,721.038061225601,111.754128078612,49,795.241666667737,116.250578544517,42,-4.9,24.0796963806515,-3.08158393150503,36,4,-8.43274042711568,0.75,0.583333333333333,0,10,4,-42.8571428571429,-1.77482393492988
13992187,1,3992187,19,1,1,0,3,"No",NA,"Ox","04/06/2021 20:30:05",NA,1,"No","No","2","0",4,0,0,-50,0,83.75,0,"Advanced",10,2,1,0,40,38,20,20,19,19,-2.6,-2.6,-2.6,39,-0.160180818879297,39,-0.160180818879297,78,-0.22652988649113,0.912820512820513,1017.75389535049,252.924502246934,86,950.159130440822,301.897956875245,92,3.4,42.0344785780806,1.60807906262265,0,0.877551020408163,1024.70109757127,256.261492686491,41,933.224999997764,295.447143289327,45,4.7,60.3102660524215,1.51675831597216,0.948453608247423,1011.42422221601,252.574853806686,45,966.372659588431,310.258654597393,47,2.3,59.5256820143748,0.756842443513714,0.935185185185185,0,0.935185185185185,873.618020843424,162.512866115094,96,868.071250009816,181.857726062104,100,0.3,24.7406868665362,0.224196315305627,0.972222222222222,883.375100018457,154.611644730673,50,887.903301884367,176.639484500615,53,-0.3,32.9719951220683,-0.137334785145586,0.898148148148148,863.012500000996,171.770115003272,46,845.70744683213,186.927131852797,47,1,37.4688310312721,0.461851963153666,22,18,-0.635641726163728,0.75,0.590909090909091,0,8,5,-23.0769230769231,-0.855131568824353
13997146,1,3997146,49,0,0,0,3,"No",NA,"LINC","06/06/2021 10:53:08",NA,1,"No","No","2","0",4,0,0,-100,0,95,0,"Advanced",8,1,0.83,0,22,46,8,14,24,22,35.3,22.2,50,36,1.36752691751566,32,3.2659863237109,68,3.11060915707249,0.712871287128713,1022.84452702883,219.596576370437,74,1000.76735714268,193.028985499781,70,1.1,34.6376265597111,0.637375365430927,1,0.673267326732673,1068.7097142858,227.782872185069,35,999.924848486747,217.266954747184,33,3.3,54.4354430887404,1.26360440727774,0.752475247524752,981.683461541812,206.248510189263,39,1001.51878378175,171.622242951646,37,-1,43.8877208876323,-0.451956078802102,0.925925925925926,0,0.925925925925926,691.364795919591,86.9185706129597,98,803.067989132377,101.114613997067,92,-7.5,13.6960810711533,-8.1558507599707,0.935185185185185,689.114687501084,91.317052440782,48,801.543541667949,87.8977928638122,48,-7.5,18.3877277367525,-6.11434190110112,0.916666666666667,693.524900001357,83.3506437621199,50,804.731022729935,114.834841694578,44,-7.4,20.6778654925109,-5.37802718413341,18,22,0.635641726163729,0.875,0.695652173913043,0,8,8,0,0
14006091,1,4006091,35,1,0,0,6,"No",NA,"LINC","07/06/2021 21:45:07",NA,1,"No","No","1","0",3,0,0,-88.8888888888889,NA,100,0,"Advanced",2,0,1,0,26,45,12,14,22,23,26.8,24.3,29.4,37,1.52540596368221,34,1.79435140641318,71,2.34023703964137,0.949238578680203,872.82967033491,226.248066666043,91,828.209374996523,197.113131862013,96,2.6,31.0584968587286,1.43665340732184,0,0.91,881.52954545888,240.170031420962,44,823.631914894632,193.316043450646,47,3.4,45.768528488733,1.26500965785914,0.989690721649485,864.685106389066,214.687753032548,47,832.599999992215,202.592112789819,49,1.9,42.8024633864341,0.749608874311189,0.962962962962963,0,0.962962962962963,843.005940593115,180.157570918792,101,839.736999986172,167.512125090682,100,0.2,24.6008279049058,0.132879292501035,0.990740740740741,840.791836733721,201.155138942001,49,834.368518511454,147.799204457486,54,0.4,34.6871898559903,0.185178397239279,0.935185185185185,845.092307691391,159.83850654276,52,846.039130413014,189.550553193271,46,-0.1,35.5163547052368,-0.0266587809892506,12,28,2.76026223736942,1,1,0,11,12,4.34782608695652,0.20871177748418
14058987,1,4058987,42,0,1,0,3,"Yes",NA,"LINC","15/06/2021 16:43:35",NA,1,"Yes","No","0","0",2,1,0.5,-60,NA,100,0,"Advanced",0,0,0.94,0,22,56,9,13,29,27,43.6,35,52.6,40,2.36305852319522,38,3.81567647648226,78,4.27750837779167,0.948186528497409,1315.91989130432,534.67066902376,92,1255.72675824175,520.855057776997,91,2.3,78.249823560046,0.769243051601081,0,0.947916666666667,1312.80422222225,549.49539979981,45,1301.45249999998,594.229031049444,46,0.4,120.770725949749,0.0939939884685889,0.948453608247423,1318.90297872333,526.018149011863,47,1208.98488888888,435.152479643999,45,4.3,101.341525097979,1.08463031050872,0.930555555555556,0,0.930555555555556,842.771802325618,163.234273439188,86,866.719141414177,191.63139798288,99,-1.4,26.4687938895514,-0.904738583423408,0.935185185185185,819.641585365899,173.743683325512,41,873.697500000027,189.110830891463,50,-3.2,38.6537936901625,-1.39846337121329,0.925925925925926,863.846000000028,151.916986645172,45,859.598367346983,195.869441639329,49,0.2,36.628212523687,0.115966146322286,28,12,-2.76026223736942,0.875,1,0,15,9,-25,-1.26491106406735
14205617,1,4205617,46,0,1,0,6,"No",NA,"UWA","27/07/2021 12:31:55",NA,1,"No","No","1","0",3,0,0,-86.6666666666667,0,98.75,0,"Advanced",7,0,0.94,0,24,47,9,15,24,23,32.4,21.1,45.5,38,1.32752357439697,33,2.93150984988964,71,2.88517702297462,0.821782178217822,969.16,331.974968121784,75,1024.03296703297,348.271747364339,91,-2.8,53.3522258349232,-1.02850380043654,0,0.823529411764706,985.894736842105,368.793342077565,38,980.586956521739,321.735956342876,46,0.3,75.7602122031223,0.070060262055964,0.82,951.972972972973,293.515992985285,37,1068.44444444444,371.809858270421,45,-5.8,75.7561839859207,-1.53745166854124,0.907407407407407,0,0.907407407407407,963.888888888889,164.100385459439,99,970.355555555556,171.764557377348,90,-0.3,24.5062009495825,-0.263878790513911,0.888888888888889,967.909090909091,174.567081553038,44,984.42,158.625613650893,50,-0.8,34.5379122872653,-0.478051740753216,0.925925925925926,960.672727272727,156.784123174068,55,952.775,187.46466162713,40,0.4,35.6235660086099,0.221699514046921,34,6,-6.19930419878067,0.875,0.739130434782609,0,9,8,-5.88235294117647,-0.242956328951888
14205618,1,4205618,21,1,0,0,5,"Yes","Gujarati, Hindi","UWA","26/07/2021 10:59:41","5",0,"No","No","3","0",5,0,0,-88.2352941176471,0,100,0,"Advanced",6,0,1,0,27,48,12,15,23,25,28,25,31.4,40,1.63299316185545,35,1.95858385693278,75,2.52590742770461,0.863414634146341,853.566304350677,207.735257492521,92,849.052941170861,223.252455108736,85,0.3,32.4940423070545,0.138898175153677,0,0.844660194174757,841.102272729982,183.305572167632,44,877.525581393131,231.624354226804,43,-2.1,45.0514185159097,-0.808483059202365,0.882352941176471,864.991666669647,229.201519467106,48,819.902380943298,213.156106191414,42,2.7,47.12384646378,0.956825240507582,0.912037037037037,0,0.912037037037037,959.429473691237,119.494703761312,95,936.7510638237,133.858546539798,94,1.2,18.5078784541114,1.22533816740621,0.861111111111111,957.430952390035,103.651365662179,42,942.638297864731,127.87758166515,47,0.8,25.0314711957259,0.590962249467376,0.962962962962963,961.013207552568,131.663615720055,53,930.863829782669,140.720443527984,47,1.6,27.3955230350136,1.10052207184969,16,24,1.29099444873581,0.875,0.904761904761905,0,8,11,15.7894736842105,0.696990282963439
14205620,1,4205620,19,1,0,0,3,"No",NA,"UWA","25/07/2021 11:13:01",NA,1,"No","No","2","1",4,1,0.25,-100,NA,98.75,0,"Advanced",4,0,1,0,27,47,15,12,22,25,27,35.1,18.9,37,2.28272497978476,37,1.17195769910217,74,2.414821583093,0.84375,840.402499999967,207.366117842651,80,929.20000000001,263.924734875317,82,-5,37.4953869022225,-2.36822466271923,0,0.84375,792.490243902419,153.176176027577,41,941.605000000005,292.723173637893,40,-8.6,52.2454533660384,-2.85411928676107,0.84375,890.771794871749,244.167418780866,39,917.385714285729,236.248758490847,42,-1.5,53.7162274549282,-0.49545399360577,0.87962962962963,0,0.87962962962963,773.433333333346,136.414712432762,93,813.541111111134,137.092246393533,90,-2.5,20.2762257173159,-1.97806920957362,0.851851851851852,775.297777777817,148.710639542447,45,800.588636363698,124.848323262094,44,-1.6,29.27595517589,-0.863878170120604,0.907407407407407,771.685416666655,125.36490735277,48,825.930434782594,148.174319066834,46,-3.4,28.4458668997402,-1.90695605471017,14,26,1.98898063239539,0.75,0.608695652173913,0,8,6,-14.2857142857143,-0.540061724867322
14205626,1,4205626,42,0,0,0,5,"No",NA,"UWA","03/08/2021 05:08:59",NA,1,"No","No","2","1",4,1,0.25,-50,1,91.25,0,"Advanced",4,0,0.94,0,49,25,25,24,13,12,-32.4,-33.3,-31.6,36,-2.12132034355964,38,-2.05164099423626,74,-2.94936866298604,0.959183673469388,1005.54444444444,281.782654353727,90,902.765306122449,292.55355668013,98,5.4,42.0836130816478,2.44226031929792,0,0.969387755102041,996.704545454545,300.683684489853,44,895.686274509804,302.820044924115,51,5.3,62.4390535769151,1.61786998933773,0.948979591836735,1014,265.51183275578,46,910.446808510638,284.057083095958,47,5.4,57.3778329514259,1.80475954149447,0.962962962962963,0,0.962962962962963,943.709677419355,143.285408450738,93,938.128712871287,132.676950776413,101,0.3,19.8604224828748,0.281009356819076,0.953703703703704,935.511627906977,120.248031781343,43,935.075471698113,129.065852162703,53,0,25.8415389055346,0.0168781050717569,0.972222222222222,950.76,161.380974019586,50,941.5,137.845272493968,48,0.5,30.5081830322566,0.303525122758353,37,3,-10.2051038281903,1,0.909090909090909,0,13,7,-30,-1.40642169281549
14205628,1,4205628,26,1,1,0,4,"No",NA,"UWA","15/10/2021 09:27:08",NA,1,"Yes","No","1","0",3,1,0.33,-50,NA,100,0,"Advanced",13,0,1,0,15,59,8,7,30,29,59.5,61.1,57.9,36,4.63229188186774,38,4.37702334164822,74,6.36160801190824,0.923469387755102,866.170454545455,189.163811609884,88,846.41935483871,203.591306435469,93,1.2,29.3414320264536,0.673147094147882,0,0.918367346938776,868.510204081633,188.160406130977,49,834.268292682927,179.807400346905,41,2,39.2419220272305,0.872584971116982,0.928571428571429,863.230769230769,192.839101398913,39,856,221.81479644417,52,0.4,44.7480680202337,0.161588411537672,0.967592592592593,0,0.967592592592593,823.447916666667,148.061926574245,96,803.191919191919,119.335804433324,99,1.2,19.2687107695367,1.05123781850375,0.981481481481482,854.127659574468,129.078610530859,47,803.78,126.770931130097,50,3,26.1176921285049,1.92772237787116,0.953703703703704,794.020408163265,160.04758274181,49,802.591836734694,112.556822384545,49,-0.5,28.0481383950611,-0.305597057840311,18,22,0.635641726163729,1,0.956521739130435,0,9,13,18.1818181818182,0.867258180783988
14205629,1,4205629,21,0,1,1,NA,"No","n/a","UWA","25/10/2021 05:03:23","n/a",1,"Yes","No","1","0",3,1,0.33,88.2352941176471,NA,87.5,0,"Advanced",12,3,0.89,0,47,33,26,21,13,20,-17.5,-2.4,-33.3,41,-0.156220235260231,39,-2.20794021658196,80,-1.58978038619737,0.936274509803922,1279.42173913008,407.566568641892,92,1140.92828282879,389.045214579243,99,5.7,57.7909471128993,2.39645590218007,0,0.931372549019608,1229.69772727246,388.008739706492,44,1138.6509803928,408.139189674572,51,3.8,82.5481498042882,1.10295321088985,0.941176470588235,1325.0020833329,423.608117019215,48,1143.34791666704,371.983759647522,48,7.4,81.7465388660647,2.22216339903376,0.949074074074074,0,0.949074074074074,945.573684210056,152.56862509792,95,917.359595959385,145.6695848247,99,1.5,21.4653847079675,1.31439937529739,0.944444444444444,971.897916665922,165.719449533173,48,933.841176470705,144.647216602783,51,2,31.3531731517574,1.21380824872213,0.953703703703704,918.689361701938,134.331279717636,47,899.847916666108,146.215323570698,48,1,28.9914138854443,0.649897418259044,26,14,-1.98898063239539,1,1,0,18,4,-63.6363636363636,-3.86939558874797
